<?xml version="1.0"?>
<opencv_storage>
<cascade>
  <stageType>BOOST</stageType>
  <featureType>HAAR</featureType>
  <height>24</height>
  <width>24</width>
  <stageParams>
    <boostType>GAB</boostType>
    <minHitRate>9.9500000476837158e-01</minHitRate>
    <maxFalseAlarm>5.0000000000000000e-01</maxFalseAlarm>
    <weightTrimRate>9.4999999999999996e-01</weightTrimRate>
    <maxDepth>1</maxDepth>
    <maxWeakCount>100</maxWeakCount></stageParams>
  <featureParams>
    <maxCatCount>0</maxCatCount>
    <featSize>1</featSize>
    <mode>BASIC</mode></featureParams>
  <stageNum>3</stageNum>
  <stages>
    <!-- stage 0 -->
    <_>
      <maxWeakCount>4</maxWeakCount>
      <stageThreshold>-2.2943294048309326e+00</stageThreshold>
      <weakClassifiers>
        <_>
          <internalNodes>
            0 -1 4 -8.8595360517501831e-02</internalNodes>
          <leafValues>
            9.2000001668930054e-01 -9.9202394485473633e-01</leafValues></_>
        <_>
          <internalNodes>
            0 -1 5 -6.5594911575317383e-02</internalNodes>
          <leafValues>
            7.7771472930908203e-01 -9.5531964302062988e-01</leafValues></_>
        <_>
          <internalNodes>
            0 -1 8 -4.0051206946372986e-02</internalNodes>
          <leafValues>
            7.6656967401504517e-01 -8.6705219745635986e-01</leafValues></_>
        <_>
          <internalNodes>
            0 -1 2 -3.9446530863642693e-03</internalNodes>
          <leafValues>
            5.2006626129150391e-01 -9.8472332954406738e-01</leafValues></_></weakClassifiers></_>
    <!-- stage 1 -->
    <_>
      <maxWeakCount>4</maxWeakCount>
      <stageThreshold>-2.4479851722717285e+00</stageThreshold>
      <weakClassifiers>
        <_>
          <internalNodes>
            0 -1 9 -5.6374147534370422e-03</internalNodes>
          <leafValues>
            1.4285714924335480e-01 -9.9188643693923950e-01</leafValues></_>
        <_>
          <internalNodes>
            0 -1 6 -6.8653486669063568e-02</internalNodes>
          <leafValues>
            4.9978700280189514e-01 -9.6287679672241211e-01</leafValues></_>
        <_>
          <internalNodes>
            0 -1 3 -5.5668205022811890e-03</internalNodes>
          <leafValues>
            3.5305070877075195e-01 -8.9413046836853027e-01</leafValues></_>
        <_>
          <internalNodes>
            0 -1 10 4.4244126183912158e-04</internalNodes>
          <leafValues>
            -8.4627264738082886e-01 4.3854215741157532e-01</leafValues></_></weakClassifiers></_>
    <!-- stage 2 -->
    <_>
      <maxWeakCount>4</maxWeakCount>
      <stageThreshold>-2.4197711944580078e+00</stageThreshold>
      <weakClassifiers>
        <_>
          <internalNodes>
            0 -1 11 -6.9782808423042297e-03</internalNodes>
          <leafValues>
            -1.6981132328510284e-01 -9.8769229650497437e-01</leafValues></_>
        <_>
          <internalNodes>
            0 -1 7 7.9713493585586548e-02</internalNodes>
          <leafValues>
            -9.5291507244110107e-01 3.2720872759819031e-01</leafValues></_>
        <_>
          <internalNodes>
            0 -1 0 3.3316604793071747e-02</internalNodes>
          <leafValues>
            -8.9080047607421875e-01 5.2052098512649536e-01</leafValues></_>
        <_>
          <internalNodes>
            0 -1 1 -3.4642138052731752e-03</internalNodes>
          <leafValues>
            4.1303721070289612e-01 -8.6848706007003784e-01</leafValues></_></weakClassifiers></_></stages>
  <features>
    <_>
      <rects>
        <_>
          0 19 8 5 -1.</_>
        <_>
          4 19 4 5 2.</_></rects>
      <tilted>0</tilted></_>
    <_>
      <rects>
        <_>
          2 10 3 4 -1.</_>
        <_>
          2 12 3 2 2.</_></rects>
      <tilted>0</tilted></_>
    <_>
      <rects>
        <_>
          2 11 8 4 -1.</_>
        <_>
          2 11 4 2 2.</_>
        <_>
          6 13 4 2 2.</_></rects>
      <tilted>0</tilted></_>
    <_>
      <rects>
        <_>
          3 14 10 2 -1.</_>
        <_>
          3 15 10 1 2.</_></rects>
      <tilted>0</tilted></_>
    <_>
      <rects>
        <_>
          5 7 4 12 -1.</_>
        <_>
          5 13 4 6 2.</_></rects>
      <tilted>0</tilted></_>
    <_>
      <rects>
        <_>
          6 6 3 12 -1.</_>
        <_>
          6 12 3 6 2.</_></rects>
      <tilted>0</tilted></_>
    <_>
      <rects>
        <_>
          6 7 3 12 -1.</_>
        <_>
          6 13 3 6 2.</_></rects>
      <tilted>0</tilted></_>
    <_>
      <rects>
        <_>
          13 0 10 9 -1.</_>
        <_>
          18 0 5 9 2.</_></rects>
      <tilted>0</tilted></_>
    <_>
      <rects>
        <_>
          16 8 7 6 -1.</_>
        <_>
          16 11 7 3 2.</_></rects>
      <tilted>0</tilted></_>
    <_>
      <rects>
        <_>
          18 22 4 2 -1.</_>
        <_>
          18 23 4 1 2.</_></rects>
      <tilted>0</tilted></_>
    <_>
      <rects>
        <_>
          19 19 3 2 -1.</_>
        <_>
          19 20 3 1 2.</_></rects>
      <tilted>0</tilted></_>
    <_>
      <rects>
        <_>
          19 22 4 2 -1.</_>
        <_>
          19 23 4 1 2.</_></rects>
      <tilted>0</tilted></_></features></cascade>
</opencv_storage>
