<?xml version="1.0"?>
<opencv_storage>
<stage0>
  <maxWeakCount>4</maxWeakCount>
  <stageThreshold>-2.2943294048309326e+00</stageThreshold>
  <weakClassifiers>
    <_>
      <internalNodes>
        0 -1 65741 -8.8595360517501831e-02</internalNodes>
      <leafValues>
        9.2000001668930054e-01 -9.9202394485473633e-01</leafValues></_>
    <_>
      <internalNodes>
        0 -1 75236 -6.5594911575317383e-02</internalNodes>
      <leafValues>
        7.7771472930908203e-01 -9.5531964302062988e-01</leafValues></_>
    <_>
      <internalNodes>
        0 -1 146606 -4.0051206946372986e-02</internalNodes>
      <leafValues>
        7.6656967401504517e-01 -8.6705219745635986e-01</leafValues></_>
    <_>
      <internalNodes>
        0 -1 34519 -3.9446530863642693e-03</internalNodes>
      <leafValues>
        5.2006626129150391e-01 -9.8472332954406738e-01</leafValues></_></weakClassifiers></stage0>
</opencv_storage>
