<?xml version="1.0"?>
<opencv_storage>
<stage1>
  <maxWeakCount>4</maxWeakCount>
  <stageThreshold>-2.4479851722717285e+00</stageThreshold>
  <weakClassifiers>
    <_>
      <internalNodes>
        0 -1 155224 -5.6374147534370422e-03</internalNodes>
      <leafValues>
        1.4285714924335480e-01 -9.9188643693923950e-01</leafValues></_>
    <_>
      <internalNodes>
        0 -1 75847 -6.8653486669063568e-02</internalNodes>
      <leafValues>
        4.9978700280189514e-01 -9.6287679672241211e-01</leafValues></_>
    <_>
      <internalNodes>
        0 -1 47729 -5.5668205022811890e-03</internalNodes>
      <leafValues>
        3.5305070877075195e-01 -8.9413046836853027e-01</leafValues></_>
    <_>
      <internalNodes>
        0 -1 157523 4.4244126183912158e-04</internalNodes>
      <leafValues>
        -8.4627264738082886e-01 4.3854215741157532e-01</leafValues></_></weakClassifiers></stage1>
</opencv_storage>
