<?xml version="1.0"?>
<opencv_storage>
<stage2>
  <maxWeakCount>4</maxWeakCount>
  <stageThreshold>-2.4197711944580078e+00</stageThreshold>
  <weakClassifiers>
    <_>
      <internalNodes>
        0 -1 157595 -6.9782808423042297e-03</internalNodes>
      <leafValues>
        -1.6981132328510284e-01 -9.8769229650497437e-01</leafValues></_>
    <_>
      <internalNodes>
        0 -1 128368 7.9713493585586548e-02</internalNodes>
      <leafValues>
        -9.5291507244110107e-01 3.2720872759819031e-01</leafValues></_>
    <_>
      <internalNodes>
        0 -1 12862 3.3316604793071747e-02</internalNodes>
      <leafValues>
        -8.9080047607421875e-01 5.2052098512649536e-01</leafValues></_>
    <_>
      <internalNodes>
        0 -1 33911 -3.4642138052731752e-03</internalNodes>
      <leafValues>
        4.1303721070289612e-01 -8.6848706007003784e-01</leafValues></_></weakClassifiers></stage2>
</opencv_storage>
