<?xml version="1.0"?>
<opencv_storage>
<cascade>
  <stageType>BOOST</stageType>
  <featureType>HAAR</featureType>
  <height>24</height>
  <width>24</width>
  <stageParams>
    <boostType>GAB</boostType>
    <minHitRate>9.9500000476837158e-01</minHitRate>
    <maxFalseAlarm>5.0000000000000000e-01</maxFalseAlarm>
    <weightTrimRate>9.4999999999999996e-01</weightTrimRate>
    <maxDepth>1</maxDepth>
    <maxWeakCount>100</maxWeakCount></stageParams>
  <featureParams>
    <maxCatCount>0</maxCatCount>
    <featSize>1</featSize>
    <mode>BASIC</mode></featureParams>
  <stageNum>4</stageNum>
  <stages>
    <!-- stage 0 -->
    <_>
      <maxWeakCount>3</maxWeakCount>
      <stageThreshold>-1.8549294471740723e+00</stageThreshold>
      <weakClassifiers>
        <_>
          <internalNodes>
            0 -1 1 -1.0110187530517578e+00</internalNodes>
          <leafValues>
            7.1428574621677399e-02 -9.7399997711181641e-01</leafValues></_>
        <_>
          <internalNodes>
            0 -1 2 -2.0395204424858093e-01</internalNodes>
          <leafValues>
            8.5877217352390289e-02 -9.8489844799041748e-01</leafValues></_>
        <_>
          <internalNodes>
            0 -1 8 -3.7434375844895840e-03</internalNodes>
          <leafValues>
            2.5046506524085999e-01 -9.6680670976638794e-01</leafValues></_></weakClassifiers></_>
    <!-- stage 1 -->
    <_>
      <maxWeakCount>3</maxWeakCount>
      <stageThreshold>-1.6568286418914795e+00</stageThreshold>
      <weakClassifiers>
        <_>
          <internalNodes>
            0 -1 1 -1.0092065334320068e+00</internalNodes>
          <leafValues>
            7.6470589637756348e-01 -9.7428286075592041e-01</leafValues></_>
        <_>
          <internalNodes>
            0 -1 4 -4.3499231338500977e-01</internalNodes>
          <leafValues>
            3.5389962792396545e-01 -9.4140279293060303e-01</leafValues></_>
        <_>
          <internalNodes>
            0 -1 5 -3.5521522164344788e-02</internalNodes>
          <leafValues>
            2.5885701179504395e-01 -1.</leafValues></_></weakClassifiers></_>
    <!-- stage 2 -->
    <_>
      <maxWeakCount>3</maxWeakCount>
      <stageThreshold>-1.8414270877838135e+00</stageThreshold>
      <weakClassifiers>
        <_>
          <internalNodes>
            0 -1 0 -9.1985213756561279e-01</internalNodes>
          <leafValues>
            4.5454546809196472e-01 -9.7614312171936035e-01</leafValues></_>
        <_>
          <internalNodes>
            0 -1 6 -7.8431272506713867e-01</internalNodes>
          <leafValues>
            3.7785332649946213e-02 -8.9941173791885376e-01</leafValues></_>
        <_>
          <internalNodes>
            0 -1 7 -5.0044683739542961e-03</internalNodes>
          <leafValues>
            2.1174208819866180e-01 -9.0306931734085083e-01</leafValues></_></weakClassifiers></_>
    <!-- stage 3 -->
    <_>
      <maxWeakCount>3</maxWeakCount>
      <stageThreshold>-1.7258164882659912e+00</stageThreshold>
      <weakClassifiers>
        <_>
          <internalNodes>
            0 -1 0 -9.6008187532424927e-01</internalNodes>
          <leafValues>
            4.7619048506021500e-02 -9.6623635292053223e-01</leafValues></_>
        <_>
          <internalNodes>
            0 -1 3 -7.4733543395996094e-01</internalNodes>
          <leafValues>
            -9.5717020332813263e-02 -8.9343315362930298e-01</leafValues></_>
        <_>
          <internalNodes>
            0 -1 9 -1.8066616030409932e-04</internalNodes>
          <leafValues>
            1.3385298848152161e-01 -1.</leafValues></_></weakClassifiers></_></stages>
  <features>
    <_>
      <rects>
        <_>
          0 0 24 22 -1.</_>
        <_>
          12 0 12 22 2.</_></rects>
      <tilted>0</tilted></_>
    <_>
      <rects>
        <_>
          0 0 24 24 -1.</_>
        <_>
          12 0 12 24 2.</_></rects>
      <tilted>0</tilted></_>
    <_>
      <rects>
        <_>
          0 2 10 6 -1.</_>
        <_>
          0 4 10 2 2.</_></rects>
      <tilted>0</tilted></_>
    <_>
      <rects>
        <_>
          0 5 24 19 -1.</_>
        <_>
          12 5 12 19 2.</_></rects>
      <tilted>0</tilted></_>
    <_>
      <rects>
        <_>
          0 10 22 14 -1.</_>
        <_>
          11 10 11 14 2.</_></rects>
      <tilted>0</tilted></_>
    <_>
      <rects>
        <_>
          0 21 6 2 -1.</_>
        <_>
          2 21 2 2 2.</_></rects>
      <tilted>0</tilted></_>
    <_>
      <rects>
        <_>
          2 1 22 23 -1.</_>
        <_>
          13 1 11 23 2.</_></rects>
      <tilted>0</tilted></_>
    <_>
      <rects>
        <_>
          3 8 8 6 -1.</_>
        <_>
          3 8 4 3 2.</_>
        <_>
          7 11 4 3 2.</_></rects>
      <tilted>0</tilted></_>
    <_>
      <rects>
        <_>
          17 1 6 2 -1.</_>
        <_>
          20 1 3 2 2.</_></rects>
      <tilted>0</tilted></_>
    <_>
      <rects>
        <_>
          22 8 2 1 -1.</_>
        <_>
          23 8 1 1 2.</_></rects>
      <tilted>0</tilted></_></features></cascade>
</opencv_storage>
