<?xml version="1.0"?>
<opencv_storage>
<stage2>
  <maxWeakCount>3</maxWeakCount>
  <stageThreshold>-1.8414270877838135e+00</stageThreshold>
  <weakClassifiers>
    <_>
      <internalNodes>
        0 -1 861 -9.1985213756561279e-01</internalNodes>
      <leafValues>
        4.5454546809196472e-01 -9.7614312171936035e-01</leafValues></_>
    <_>
      <internalNodes>
        0 -1 27540 -7.8431272506713867e-01</internalNodes>
      <leafValues>
        3.7785332649946213e-02 -8.9941173791885376e-01</leafValues></_>
    <_>
      <internalNodes>
        0 -1 44513 -5.0044683739542961e-03</internalNodes>
      <leafValues>
        2.1174208819866180e-01 -9.0306931734085083e-01</leafValues></_></weakClassifiers></stage2>
</opencv_storage>
