<?xml version="1.0"?>
<opencv_storage>
<stage1>
  <maxWeakCount>3</maxWeakCount>
  <stageThreshold>-1.6568286418914795e+00</stageThreshold>
  <weakClassifiers>
    <_>
      <internalNodes>
        0 -1 863 -1.0092065334320068e+00</internalNodes>
      <leafValues>
        7.6470589637756348e-01 -9.7428286075592041e-01</leafValues></_>
    <_>
      <internalNodes>
        0 -1 9271 -4.3499231338500977e-01</internalNodes>
      <leafValues>
        3.5389962792396545e-01 -9.4140279293060303e-01</leafValues></_>
    <_>
      <internalNodes>
        0 -1 13191 -3.5521522164344788e-02</internalNodes>
      <leafValues>
        2.5885701179504395e-01 -1.</leafValues></_></weakClassifiers></stage1>
</opencv_storage>
