<?xml version="1.0"?>
<opencv_storage>
<stage3>
  <maxWeakCount>3</maxWeakCount>
  <stageThreshold>-1.7258164882659912e+00</stageThreshold>
  <weakClassifiers>
    <_>
      <internalNodes>
        0 -1 861 -9.6008187532424927e-01</internalNodes>
      <leafValues>
        4.7619048506021500e-02 -9.6623635292053223e-01</leafValues></_>
    <_>
      <internalNodes>
        0 -1 5651 -7.4733543395996094e-01</internalNodes>
      <leafValues>
        -9.5717020332813263e-02 -8.9343315362930298e-01</leafValues></_>
    <_>
      <internalNodes>
        0 -1 161692 -1.8066616030409932e-04</internalNodes>
      <leafValues>
        1.3385298848152161e-01 -1.</leafValues></_></weakClassifiers></stage3>
</opencv_storage>
