<?xml version="1.0"?>
<opencv_storage>
<stage0>
  <maxWeakCount>3</maxWeakCount>
  <stageThreshold>-1.8549294471740723e+00</stageThreshold>
  <weakClassifiers>
    <_>
      <internalNodes>
        0 -1 863 -1.0110187530517578e+00</internalNodes>
      <leafValues>
        7.1428574621677399e-02 -9.7399997711181641e-01</leafValues></_>
    <_>
      <internalNodes>
        0 -1 2769 -2.0395204424858093e-01</internalNodes>
      <leafValues>
        8.5877217352390289e-02 -9.8489844799041748e-01</leafValues></_>
    <_>
      <internalNodes>
        0 -1 148750 -3.7434375844895840e-03</internalNodes>
      <leafValues>
        2.5046506524085999e-01 -9.6680670976638794e-01</leafValues></_></weakClassifiers></stage0>
</opencv_storage>
