<?xml version="1.0"?>
<opencv_storage>
<cascade>
  <stageType>BOOST</stageType>
  <featureType>HAAR</featureType>
  <height>24</height>
  <width>24</width>
  <stageParams>
    <boostType>GAB</boostType>
    <minHitRate>9.9500000476837158e-01</minHitRate>
    <maxFalseAlarm>5.0000000000000000e-01</maxFalseAlarm>
    <weightTrimRate>9.4999999999999996e-01</weightTrimRate>
    <maxDepth>1</maxDepth>
    <maxWeakCount>100</maxWeakCount></stageParams>
  <featureParams>
    <maxCatCount>0</maxCatCount>
    <featSize>1</featSize>
    <mode>BASIC</mode></featureParams>
  <stageNum>2</stageNum>
  <stages>
    <!-- stage 0 -->
    <_>
      <maxWeakCount>3</maxWeakCount>
      <stageThreshold>-1.0970040559768677e+00</stageThreshold>
      <weakClassifiers>
        <_>
          <internalNodes>
            0 -1 4 1.8360471725463867e-01</internalNodes>
          <leafValues>
            -9.9199998378753662e-01 7.1428573131561279e-01</leafValues></_>
        <_>
          <internalNodes>
            0 -1 1 3.8737398386001587e-01</internalNodes>
          <leafValues>
            -9.5881032943725586e-01 5.2014255523681641e-01</leafValues></_>
        <_>
          <internalNodes>
            0 -1 0 -8.1638738512992859e-02</internalNodes>
          <leafValues>
            8.7646406888961792e-01 -8.5247939825057983e-01</leafValues></_></weakClassifiers></_>
    <!-- stage 1 -->
    <_>
      <maxWeakCount>3</maxWeakCount>
      <stageThreshold>-1.5958127975463867e+00</stageThreshold>
      <weakClassifiers>
        <_>
          <internalNodes>
            0 -1 2 4.1384674608707428e-02</internalNodes>
          <leafValues>
            -9.8956155776977539e-01 -3.4285715222358704e-01</leafValues></_>
        <_>
          <internalNodes>
            0 -1 3 -4.4641708955168724e-03</internalNodes>
          <leafValues>
            4.5254800468683243e-02 -9.6977758407592773e-01</leafValues></_>
        <_>
          <internalNodes>
            0 -1 5 4.5072440989315510e-03</internalNodes>
          <leafValues>
            -9.6430629491806030e-01 3.6352640390396118e-01</leafValues></_></weakClassifiers></_></stages>
  <features>
    <_>
      <rects>
        <_>
          0 16 5 8 -1.</_>
        <_>
          0 20 5 4 2.</_></rects>
      <tilted>0</tilted></_>
    <_>
      <rects>
        <_>
          1 0 18 18 -1.</_>
        <_>
          1 9 18 9 2.</_></rects>
      <tilted>0</tilted></_>
    <_>
      <rects>
        <_>
          3 10 6 14 -1.</_>
        <_>
          3 17 6 7 2.</_></rects>
      <tilted>0</tilted></_>
    <_>
      <rects>
        <_>
          4 17 8 6 -1.</_>
        <_>
          4 17 4 3 2.</_>
        <_>
          8 20 4 3 2.</_></rects>
      <tilted>0</tilted></_>
    <_>
      <rects>
        <_>
          5 0 10 12 -1.</_>
        <_>
          5 6 10 6 2.</_></rects>
      <tilted>0</tilted></_>
    <_>
      <rects>
        <_>
          15 6 4 18 -1.</_>
        <_>
          17 6 2 18 2.</_></rects>
      <tilted>0</tilted></_></features></cascade>
</opencv_storage>
