<?xml version="1.0"?>
<opencv_storage>
<stage1>
  <maxWeakCount>3</maxWeakCount>
  <stageThreshold>-1.5958127975463867e+00</stageThreshold>
  <weakClassifiers>
    <_>
      <internalNodes>
        0 -1 45801 4.1384674608707428e-02</internalNodes>
      <leafValues>
        -9.8956155776977539e-01 -3.4285715222358704e-01</leafValues></_>
    <_>
      <internalNodes>
        0 -1 59567 -4.4641708955168724e-03</internalNodes>
      <leafValues>
        4.5254800468683243e-02 -9.6977758407592773e-01</leafValues></_>
    <_>
      <internalNodes>
        0 -1 141445 4.5072440989315510e-03</internalNodes>
      <leafValues>
        -9.6430629491806030e-01 3.6352640390396118e-01</leafValues></_></weakClassifiers></stage1>
</opencv_storage>
