<?xml version="1.0"?>
<opencv_storage>
<stage0>
  <maxWeakCount>3</maxWeakCount>
  <stageThreshold>-1.0970040559768677e+00</stageThreshold>
  <weakClassifiers>
    <_>
      <internalNodes>
        0 -1 61094 1.8360471725463867e-01</internalNodes>
      <leafValues>
        -9.9199998378753662e-01 7.1428573131561279e-01</leafValues></_>
    <_>
      <internalNodes>
        0 -1 14312 3.8737398386001587e-01</internalNodes>
      <leafValues>
        -9.5881032943725586e-01 5.2014255523681641e-01</leafValues></_>
    <_>
      <internalNodes>
        0 -1 11999 -8.1638738512992859e-02</internalNodes>
      <leafValues>
        8.7646406888961792e-01 -8.5247939825057983e-01</leafValues></_></weakClassifiers></stage0>
</opencv_storage>
