<?xml version="1.0"?>
<opencv_storage>
<cascade>
  <stageType>BOOST</stageType>
  <featureType>HAAR</featureType>
  <height>24</height>
  <width>24</width>
  <stageParams>
    <boostType>GAB</boostType>
    <minHitRate>9.9500000476837158e-01</minHitRate>
    <maxFalseAlarm>5.0000000000000000e-01</maxFalseAlarm>
    <weightTrimRate>9.4999999999999996e-01</weightTrimRate>
    <maxDepth>1</maxDepth>
    <maxWeakCount>100</maxWeakCount></stageParams>
  <featureParams>
    <maxCatCount>0</maxCatCount>
    <featSize>1</featSize>
    <mode>BASIC</mode></featureParams>
  <stageNum>2</stageNum>
  <stages>
    <!-- stage 0 -->
    <_>
      <maxWeakCount>3</maxWeakCount>
      <stageThreshold>-1.4947271347045898e+00</stageThreshold>
      <weakClassifiers>
        <_>
          <internalNodes>
            0 -1 0 3.6868158727884293e-02</internalNodes>
          <leafValues>
            -9.8017841577529907e-01 8.9473682641983032e-01</leafValues></_>
        <_>
          <internalNodes>
            0 -1 4 -4.2609972879290581e-03</internalNodes>
          <leafValues>
            4.9090304970741272e-01 -9.8556679487228394e-01</leafValues></_>
        <_>
          <internalNodes>
            0 -1 2 -8.6999554187059402e-03</internalNodes>
          <leafValues>
            4.7101807594299316e-01 -9.8292976617813110e-01</leafValues></_></weakClassifiers></_>
    <!-- stage 1 -->
    <_>
      <maxWeakCount>3</maxWeakCount>
      <stageThreshold>-1.7425882816314697e+00</stageThreshold>
      <weakClassifiers>
        <_>
          <internalNodes>
            0 -1 1 1.4667733013629913e-01</internalNodes>
          <leafValues>
            -9.6834814548492432e-01 4.1176471114158630e-01</leafValues></_>
        <_>
          <internalNodes>
            0 -1 5 -2.1596266888082027e-03</internalNodes>
          <leafValues>
            1.0621018707752228e-01 -9.8493587970733643e-01</leafValues></_>
        <_>
          <internalNodes>
            0 -1 3 -1.0651870397850871e-03</internalNodes>
          <leafValues>
            4.8195159435272217e-01 -8.8045030832290649e-01</leafValues></_></weakClassifiers></_></stages>
  <features>
    <_>
      <rects>
        <_>
          0 0 10 1 -1.</_>
        <_>
          5 0 5 1 2.</_></rects>
      <tilted>0</tilted></_>
    <_>
      <rects>
        <_>
          2 0 6 11 -1.</_>
        <_>
          5 0 3 11 2.</_></rects>
      <tilted>0</tilted></_>
    <_>
      <rects>
        <_>
          3 0 2 22 -1.</_>
        <_>
          3 0 1 11 2.</_>
        <_>
          4 11 1 11 2.</_></rects>
      <tilted>0</tilted></_>
    <_>
      <rects>
        <_>
          7 4 2 1 -1.</_>
        <_>
          8 4 1 1 2.</_></rects>
      <tilted>0</tilted></_>
    <_>
      <rects>
        <_>
          8 0 3 2 -1.</_>
        <_>
          8 1 3 1 2.</_></rects>
      <tilted>0</tilted></_>
    <_>
      <rects>
        <_>
          9 0 2 2 -1.</_>
        <_>
          10 0 1 2 2.</_></rects>
      <tilted>0</tilted></_></features></cascade>
</opencv_storage>
