<?xml version="1.0"?>
<opencv_storage>
<stage0>
  <maxWeakCount>3</maxWeakCount>
  <stageThreshold>-1.4947271347045898e+00</stageThreshold>
  <weakClassifiers>
    <_>
      <internalNodes>
        0 -1 320 3.6868158727884293e-02</internalNodes>
      <leafValues>
        -9.8017841577529907e-01 8.9473682641983032e-01</leafValues></_>
    <_>
      <internalNodes>
        0 -1 89985 -4.2609972879290581e-03</internalNodes>
      <leafValues>
        4.9090304970741272e-01 -9.8556679487228394e-01</leafValues></_>
    <_>
      <internalNodes>
        0 -1 38031 -8.6999554187059402e-03</internalNodes>
      <leafValues>
        4.7101807594299316e-01 -9.8292976617813110e-01</leafValues></_></weakClassifiers></stage0>
</opencv_storage>
