<?xml version="1.0"?>
<opencv_storage>
<stage1>
  <maxWeakCount>3</maxWeakCount>
  <stageThreshold>-1.7425882816314697e+00</stageThreshold>
  <weakClassifiers>
    <_>
      <internalNodes>
        0 -1 26012 1.4667733013629913e-01</internalNodes>
      <leafValues>
        -9.6834814548492432e-01 4.1176471114158630e-01</leafValues></_>
    <_>
      <internalNodes>
        0 -1 98657 -2.1596266888082027e-03</internalNodes>
      <leafValues>
        1.0621018707752228e-01 -9.8493587970733643e-01</leafValues></_>
    <_>
      <internalNodes>
        0 -1 83523 -1.0651870397850871e-03</internalNodes>
      <leafValues>
        4.8195159435272217e-01 -8.8045030832290649e-01</leafValues></_></weakClassifiers></stage1>
</opencv_storage>
